relative_path,filename,size_bytes,SHA256,category,source_relative_path,inclusion_reason
.gitignore,.gitignore,720,ba616386cd9754f958b234a30a438f170e8d04f8ed1a49f974b102d158c19860,repository_metadata,.gitignore,"Excludes raw data, generated outputs, caches, environments, and model artifacts."
01_data/README.md,README.md,807,19a6a7df8a2f4128926d1307611870d816322b57a9b7b06ecb52b09c3149352b,documentation,[generated for public package],Documents the input boundary without distributing restricted raw MBES data.
02_projects/MER_2026_DB/config_project.yaml,config_project.yaml,5625,382a7ce10a2da6815a919f171c87fb17d76b94dbc9cfd62290300f483aae126e,configuration,02_projects/MER_2026_DB/config_project.yaml,Portable publication configuration; scientific parameters preserved unchanged.
02_projects/MER_2026_DB/config_sites.yaml,config_sites.yaml,4622,a2a8bac3ebe8cbf26b05ae20e78067edbec7f14368928f5a7676270ef7fcb824,configuration,02_projects/MER_2026_DB/config_sites.yaml,Portable publication configuration; scientific parameters preserved unchanged.
03_experiments/MER_2026_DB/analysis.yaml,analysis.yaml,1511,0c3df1153b924746962ea8e52923dd69b25f4377d89a76a14b84899e15798bbf,configuration,03_experiments/MER_2026_DB/analysis.yaml,Portable publication configuration; scientific parameters preserved unchanged.
03_experiments/MER_2026_DB/experiment_matrix.yaml,experiment_matrix.yaml,3310,cc60a50718bd7bd8379ba1e99b1fa2de0bca8fa01e606c42e0077370397abbf8,configuration,03_experiments/MER_2026_DB/experiment_matrix.yaml,Portable publication configuration; scientific parameters preserved unchanged.
03_experiments/MER_2026_DB/feature_sets/dual_200_300.yaml,dual_200_300.yaml,347,8f9435dac643ca858b1e54f1c5ee00e8d7d4e2e7380803ad5d757d1fafd53c52,configuration,03_experiments/MER_2026_DB/feature_sets/dual_200_300.yaml,Portable publication configuration; scientific parameters preserved unchanged.
03_experiments/MER_2026_DB/feature_sets/dual_200_400.yaml,dual_200_400.yaml,347,9cbb879e1e7c0a98aa05c2f265695681a2cf932d42f5fc3ce1372fce1aaa9fb2,configuration,03_experiments/MER_2026_DB/feature_sets/dual_200_400.yaml,Portable publication configuration; scientific parameters preserved unchanged.
03_experiments/MER_2026_DB/feature_sets/dual_300_400.yaml,dual_300_400.yaml,347,bd29d5891af6aa6675185f5223642ebd3349f72230ba2640d305320367d45cf3,configuration,03_experiments/MER_2026_DB/feature_sets/dual_300_400.yaml,Portable publication configuration; scientific parameters preserved unchanged.
03_experiments/MER_2026_DB/feature_sets/full_multi.yaml,full_multi.yaml,392,364a8e5c5493e4573fb1bb5d585aef5d9e011b7005908d05fec6ab2615729d72,configuration,03_experiments/MER_2026_DB/feature_sets/full_multi.yaml,Portable publication configuration; scientific parameters preserved unchanged.
03_experiments/MER_2026_DB/feature_sets/single_200.yaml,single_200.yaml,303,004ca90f32f07d101c7cc9253140a4a8156a7254494dcf5c9444173e5bd36c69,configuration,03_experiments/MER_2026_DB/feature_sets/single_200.yaml,Portable publication configuration; scientific parameters preserved unchanged.
03_experiments/MER_2026_DB/feature_sets/single_300.yaml,single_300.yaml,303,51711f63bf8d34e468037973f68addc2bf4a6ddc2a45450cf24c4bb9e9d3d876,configuration,03_experiments/MER_2026_DB/feature_sets/single_300.yaml,Portable publication configuration; scientific parameters preserved unchanged.
03_experiments/MER_2026_DB/feature_sets/single_400.yaml,single_400.yaml,303,ccc898283c3ad1bbdbec2ba4633eb6fa89d4512f7ab7c1193c6da218d12bf0e4,configuration,03_experiments/MER_2026_DB/feature_sets/single_400.yaml,Portable publication configuration; scientific parameters preserved unchanged.
03_experiments/MER_2026_DB/models/catboost.yaml,catboost.yaml,302,e76b47e812efe84a73ea0709526e24abdc77529f6e4dded642478adb9cc3caf9,configuration,03_experiments/MER_2026_DB/models/catboost.yaml,Portable publication configuration; scientific parameters preserved unchanged.
03_experiments/MER_2026_DB/models/lightgbm.yaml,lightgbm.yaml,352,90f2f4339a1a974e718dab3915530b268422598e16a255c4d0d751cd8df73d47,configuration,03_experiments/MER_2026_DB/models/lightgbm.yaml,Portable publication configuration; scientific parameters preserved unchanged.
03_experiments/MER_2026_DB/models/random_forest.yaml,random_forest.yaml,273,29ea01181af30a2c68a9d89ace75cc0989d704257a5f4348214f86a48b7649da,configuration,03_experiments/MER_2026_DB/models/random_forest.yaml,Portable publication configuration; scientific parameters preserved unchanged.
03_experiments/MER_2026_DB/models/xgboost.yaml,xgboost.yaml,346,df4cdcf18eeb44e0f37a2052fdf73a60e86f2da6bcf85e8c9ea6104b38d7e691,configuration,03_experiments/MER_2026_DB/models/xgboost.yaml,Portable publication configuration; scientific parameters preserved unchanged.
03_experiments/MER_2026_DB/publication.yaml,publication.yaml,69149,4db8d879ee0ebea23a8c5944e87762ee16a744b96d33775c8af5d3ffa54904b8,configuration,03_experiments/MER_2026_DB/publication.yaml,Portable publication configuration; scientific parameters preserved unchanged.
04_pipeline/00_preflight.py,00_preflight.py,5419,d8ced45ed8451d4e687a72e10631814a2574437e0df34462e39b4b3230e37307,pipeline_stage,04_pipeline/00_preflight.py,Scientific pipeline stage or imported utility required by the included MER workflow.
04_pipeline/01_align.py,01_align.py,27950,44578ea933814da0fd58e5978f4925692bbdba7437b9a93428518e3ae4a73b8d,pipeline_stage,04_pipeline/01_align.py,Scientific pipeline stage or imported utility required by the included MER workflow.
04_pipeline/02_base_features.py,02_base_features.py,26352,d699214d6f9277813ef96b240e04ff25f52a286cade2cb07ce913ee14231d3c9,pipeline_stage,04_pipeline/02_base_features.py,Scientific pipeline stage or imported utility required by the included MER workflow.
04_pipeline/03_feature_sets.py,03_feature_sets.py,16513,b5ce9158f27bed97e3ce364817e153e802aaa0eefff1346db86fff04cf529b67,pipeline_stage,04_pipeline/03_feature_sets.py,Scientific pipeline stage or imported utility required by the included MER workflow.
04_pipeline/04_sampling.py,04_sampling.py,47348,418e67c294c211de4fd0cfd236783c05c6b3a84e75e21b512a0c73835b4a50d6,pipeline_stage,04_pipeline/04_sampling.py,Scientific pipeline stage or imported utility required by the included MER workflow.
04_pipeline/05_train_within_site.py,05_train_within_site.py,12671,2bed119b7c53666b6f36297718ec9efe1263528af51299d5dc2bc3f3c1c237fd,pipeline_stage,04_pipeline/05_train_within_site.py,Scientific pipeline stage or imported utility required by the included MER workflow.
04_pipeline/06_evaluate_within_site.py,06_evaluate_within_site.py,12827,6dea16dc0d2282579cbcbb7ae58e488a353ada200406567e5842073e249a02c7,pipeline_stage,04_pipeline/06_evaluate_within_site.py,Scientific pipeline stage or imported utility required by the included MER workflow.
04_pipeline/07_train_cross_site.py,07_train_cross_site.py,16356,23fc29ec65b4e790a16dc26eba3d9baef3fcf5215eae95fa54c375da1e5283db,pipeline_stage,04_pipeline/07_train_cross_site.py,Scientific pipeline stage or imported utility required by the included MER workflow.
04_pipeline/08_evaluate_cross_site.py,08_evaluate_cross_site.py,16360,1ea5e30d0c3bb12c4bb23a8ec2d3384c91295dfd9ab15724171dd895bb3f9643,pipeline_stage,04_pipeline/08_evaluate_cross_site.py,Scientific pipeline stage or imported utility required by the included MER workflow.
04_pipeline/09_train_spatial_block_cv.py,09_train_spatial_block_cv.py,21238,c3b43152d3c30fd9e8a01d0e463dafe22475d9e62f18007d97e95e91a97c9d43,pipeline_stage,04_pipeline/09_train_spatial_block_cv.py,Scientific pipeline stage or imported utility required by the included MER workflow.
04_pipeline/10_evaluate_spatial_block_cv.py,10_evaluate_spatial_block_cv.py,19609,e7e9779e2a23411b5aa08f64bd0ccf620ee442c56895f8ec010629c47831792c,pipeline_stage,04_pipeline/10_evaluate_spatial_block_cv.py,Scientific pipeline stage or imported utility required by the included MER workflow.
04_pipeline/11_analyze_validation_results.py,11_analyze_validation_results.py,27138,67391c9a5d9cb0cbe6f9990330df547865010ddc949330d85cd26ff14a641c3d,pipeline_stage,04_pipeline/11_analyze_validation_results.py,Scientific pipeline stage or imported utility required by the included MER workflow.
04_pipeline/12_predict_maps.py,12_predict_maps.py,40084,993e39a096a3ada8fb123912844c5fcbc3eeb8449b8a8d905ceef000e5805db2,pipeline_stage,04_pipeline/12_predict_maps.py,Scientific pipeline stage or imported utility required by the included MER workflow.
04_pipeline/13_report_tables_figures.py,13_report_tables_figures.py,457642,cc7c1f151bda56876bc94ec2ce305d497734130ecec86590371e779514f9ca1a,pipeline_stage,04_pipeline/13_report_tables_figures.py,Scientific pipeline stage or imported utility required by the included MER workflow.
04_pipeline/99_generate_docs.py,99_generate_docs.py,138356,d10264679a07e63b181aff12c047d5d6b09f9a894f49a68528aae44979e35522,pipeline_stage,04_pipeline/99_generate_docs.py,Scientific pipeline stage or imported utility required by the included MER workflow.
04_pipeline/utils/__init__.py,__init__.py,0,e3b0c44298fc1c149afbf4c8996fb92427ae41e4649b934ca495991b7852b855,shared_utility,04_pipeline/utils/__init__.py,Scientific pipeline stage or imported utility required by the included MER workflow.
04_pipeline/utils/config_io.py,config_io.py,95559,4eca64f0ddcbccf1b008c5caa3a24734b6e7e0db2c88c05cd94acd391584e9b7,shared_utility,04_pipeline/utils/config_io.py,Scientific pipeline stage or imported utility required by the included MER workflow.
04_pipeline/utils/evaluation_core.py,evaluation_core.py,11299,cc35e760e4e04ac1ab065fd891d1c21223938b5bb8d6ce92ad7b44ca6b6c115a,shared_utility,04_pipeline/utils/evaluation_core.py,Scientific pipeline stage or imported utility required by the included MER workflow.
04_pipeline/utils/evaluation_io.py,evaluation_io.py,26084,b739bd60aa0c37ddd128636ad11e07b8ba10397a73159e6e4a23a9ef6762240a,shared_utility,04_pipeline/utils/evaluation_io.py,Scientific pipeline stage or imported utility required by the included MER workflow.
04_pipeline/utils/metrics.py,metrics.py,17364,b28e90734dacd662a2f053276ad21c43da6402a79607c4164080c8fd10fee0e4,shared_utility,04_pipeline/utils/metrics.py,Scientific pipeline stage or imported utility required by the included MER workflow.
04_pipeline/utils/modeling.py,modeling.py,7152,e7cfc746966ae92cac73f60ee8d0be5bba1404a050f26acba7dadcdf9e85f2e0,shared_utility,04_pipeline/utils/modeling.py,Scientific pipeline stage or imported utility required by the included MER workflow.
04_pipeline/utils/plotting.py,plotting.py,5376,bab231634bd6db4737f11aef691dd84a74be3387ce70f33f75d447a2699613be,shared_utility,04_pipeline/utils/plotting.py,Scientific pipeline stage or imported utility required by the included MER workflow.
04_pipeline/utils/preflight.py,preflight.py,45138,6573f5f6daffabca9cd1a4b8bb4a128802a4318d8f277853cfa50420505a5dc6,shared_utility,04_pipeline/utils/preflight.py,Scientific pipeline stage or imported utility required by the included MER workflow.
04_pipeline/utils/raster_io.py,raster_io.py,29058,8ff2136396f219279070cfde5e48903d7e5699e1daee2d2c51386b1d1deda9fb,shared_utility,04_pipeline/utils/raster_io.py,Scientific pipeline stage or imported utility required by the included MER workflow.
04_pipeline/utils/splitters.py,splitters.py,8984,ad4cf0400c98b9b3e3415bf43f48e569d3bafdbaed729bc0e35a99351301d274,shared_utility,04_pipeline/utils/splitters.py,Scientific pipeline stage or imported utility required by the included MER workflow.
04_pipeline/utils/training_io.py,training_io.py,12510,5c2d10e963ff6f3c58ef6cd05f377b918ac1e762913adef90f192da4f4f5b46f,shared_utility,04_pipeline/utils/training_io.py,Scientific pipeline stage or imported utility required by the included MER workflow.
CITATION.cff,CITATION.cff,1173,fed46c371543e45939c12f1a0eb135e87abb67b659a8aecde899b3a17f284330,citation,[generated for public package],Citation metadata supported by the manuscript; unassigned identifiers remain explicit comments.
LICENSE_STATUS.md,LICENSE_STATUS.md,482,1a9bbce59178b1bef74c6ab1d5e6f92513ecbbdc9a8ba94d3e400ee070ccb4af,rights,[generated for public package],Records the unresolved software-license decision without assigning an unauthorized license.
README.md,README.md,5478,dbcab2614dc7fd8c7540af315daacb9941d57c61a83514cfb7aa70df5bae3ddb,documentation,[generated for public package],"Publication-oriented entry point with accurate scope, inputs, workflow, validation, and availability statements."
RELEASE_NOTES.md,RELEASE_NOTES.md,1430,066ac604c8af7eabe06fb5bfe9362db38b3179839d00b4a7b845e5554e68c084,documentation,[generated for public package],Distinguishes the frozen scientific run from later non-scientific publication maintenance.
REQUIREMENTS.md,REQUIREMENTS.md,1232,b1553eaa50f08cf964a8500a7cc2afa55733d32c205b07303c04a59453d2dfb2,documentation,[generated for public package],Explains verified runtime versions and native geospatial requirements without overstating historical identity.
docs/CODE_DATA_RELATIONSHIP.md,CODE_DATA_RELATIONSHIP.md,985,4aba59c5e0e3a288c8d9aefd933ea3eb10b020de8c104d56fbf2f1d46c9fd93e,documentation,[generated for public package],States the complementary roles and reproducibility limits of the two public packages.
environment.yml,environment.yml,653,555b0a21edda74c7e90d872e60e441048233312239e24894c3db9baff810b0e8,environment,environment.yml,Authoritative compatibility environment supplied by the framework.
requirements.txt,requirements.txt,245,723fa6f5d83635fb6980c509a9fa57cfd3a002c206d84a28901e5c395a7d42ff,environment,[generated for public package],Pip-form dependency transcription from the authoritative compatibility environment.
tests/test_publication_contract.py,test_publication_contract.py,8161,7f6539601ea8399c52c1d3d17075a6e14529d025f11ac75773cc467e553d4eae,test,verification/publication_contract.py,Focused publication/output contract regression test for included code and configuration.
